{
    "key": "group_670d7f841f706",
    "title": "Icon Fonts",
    "fields": [
        {
            "key": "field_670d7f848d0a1",
            "label": "Icon Fonts Stylesheet Name",
            "name": "icon_fonts_stylesheet_name",
            "aria-label": "",
            "type": "text",
            "instructions": "",
            "required": 0,
            "conditional_logic": 0,
            "wrapper": {
                "width": "",
                "class": "",
                "id": ""
            },
            "default_value": "fontawesome-css-new",
            "maxlength": "",
            "allow_in_bindings": 0,
            "placeholder": "",
            "prepend": "",
            "append": ""
        },
        {
            "key": "field_670d7fdf8d0a2",
            "label": "Icon Fonts Link",
            "name": "icon_fonts_link",
            "aria-label": "",
            "type": "text",
            "instructions": "",
            "required": 0,
            "conditional_logic": 0,
            "wrapper": {
                "width": "",
                "class": "",
                "id": ""
            },
            "default_value": "https:\/\/cdnjs.cloudflare.com\/ajax\/libs\/font-awesome\/6.6.0\/css\/all.min.css",
            "maxlength": "",
            "allow_in_bindings": 0,
            "placeholder": "",
            "prepend": "",
            "append": ""
        }
    ],
    "location": [
        [
            {
                "param": "options_page",
                "operator": "==",
                "value": "icon-fonts"
            }
        ]
    ],
    "menu_order": 0,
    "position": "normal",
    "style": "default",
    "label_placement": "top",
    "instruction_placement": "label",
    "hide_on_screen": "",
    "active": true,
    "description": "",
    "show_in_rest": 0,
    "modified": 1729364378
}
