{
    "key": "group_670d897f2c33d",
    "title": "Contact Info",
    "fields": [
        {
            "key": "field_670d897f1d6a9",
            "label": "Contact Info Header",
            "name": "contact_info_header",
            "aria-label": "",
            "type": "text",
            "instructions": "Enter desired contact info text header here. If none is provided, then no text header will be used.",
            "required": 0,
            "conditional_logic": 0,
            "wrapper": {
                "width": "",
                "class": "",
                "id": ""
            },
            "default_value": "",
            "maxlength": "",
            "allow_in_bindings": 0,
            "placeholder": "",
            "prepend": "",
            "append": ""
        },
        {
            "key": "field_670d89b61d6aa",
            "label": "Contact Info",
            "name": "contact_info",
            "aria-label": "",
            "type": "repeater",
            "instructions": "Click 'Add Contact Info' to add new contact info. Drag numbers on the left to rearrange into desired order.",
            "required": 0,
            "conditional_logic": 0,
            "wrapper": {
                "width": "",
                "class": "",
                "id": ""
            },
            "layout": "table",
            "pagination": 0,
            "min": 0,
            "max": 0,
            "collapsed": "",
            "button_label": "Add Contact Info",
            "rows_per_page": 20,
            "sub_fields": [
                {
                    "key": "field_670d8a161d6ab",
                    "label": "Icon",
                    "name": "icon",
                    "aria-label": "",
                    "type": "text",
                    "instructions": "Enter desired Fontawesome icon. Leave blank if none desired",
                    "required": 0,
                    "conditional_logic": 0,
                    "wrapper": {
                        "width": "",
                        "class": "",
                        "id": ""
                    },
                    "default_value": "",
                    "maxlength": "",
                    "allow_in_bindings": 0,
                    "placeholder": "",
                    "prepend": "",
                    "append": "",
                    "parent_repeater": "field_670d89b61d6aa"
                },
                {
                    "key": "field_670d8a311d6ac",
                    "label": "Label",
                    "name": "label",
                    "aria-label": "",
                    "type": "text",
                    "instructions": "Enter desired text label. Leave blank if none desired.",
                    "required": 0,
                    "conditional_logic": 0,
                    "wrapper": {
                        "width": "",
                        "class": "",
                        "id": ""
                    },
                    "default_value": "",
                    "maxlength": "",
                    "allow_in_bindings": 0,
                    "placeholder": "",
                    "prepend": "",
                    "append": "",
                    "parent_repeater": "field_670d89b61d6aa"
                },
                {
                    "key": "field_670d8aad0b76e",
                    "label": "Text",
                    "name": "text",
                    "aria-label": "",
                    "type": "text",
                    "instructions": "",
                    "required": 0,
                    "conditional_logic": 0,
                    "wrapper": {
                        "width": "",
                        "class": "",
                        "id": ""
                    },
                    "default_value": "",
                    "maxlength": "",
                    "allow_in_bindings": 0,
                    "placeholder": "",
                    "prepend": "",
                    "append": "",
                    "parent_repeater": "field_670d89b61d6aa"
                },
                {
                    "key": "field_67144dfcc0833",
                    "label": "URL",
                    "name": "url",
                    "aria-label": "",
                    "type": "text",
                    "instructions": "Enter desired anchor link. Leave blank if none desired.",
                    "required": 0,
                    "conditional_logic": 0,
                    "wrapper": {
                        "width": "",
                        "class": "",
                        "id": ""
                    },
                    "default_value": "",
                    "maxlength": "",
                    "allow_in_bindings": 1,
                    "placeholder": "",
                    "prepend": "",
                    "append": "",
                    "parent_repeater": "field_670d89b61d6aa"
                }
            ]
        }
    ],
    "location": [
        [
            {
                "param": "options_page",
                "operator": "==",
                "value": "contact-info"
            }
        ]
    ],
    "menu_order": 0,
    "position": "normal",
    "style": "default",
    "label_placement": "top",
    "instruction_placement": "label",
    "hide_on_screen": "",
    "active": true,
    "description": "",
    "show_in_rest": 0,
    "modified": 1729384673
}
