{
    "key": "group_671f9a452f597",
    "title": "Header Call To Action",
    "fields": [
        {
            "key": "field_671f9a4534b3b",
            "label": "Hero Background Image",
            "name": "hero_background_image",
            "aria-label": "",
            "type": "image",
            "instructions": "",
            "required": 0,
            "conditional_logic": 0,
            "wrapper": {
                "width": "",
                "class": "",
                "id": ""
            },
            "return_format": "url",
            "library": "all",
            "min_width": "",
            "min_height": "",
            "min_size": "",
            "max_width": "",
            "max_height": "",
            "max_size": "",
            "mime_types": "",
            "allow_in_bindings": 0,
            "preview_size": "medium"
        },
        {
            "key": "field_671f9b0834b3c",
            "label": "Hero Title 1",
            "name": "hero_title_1",
            "aria-label": "",
            "type": "text",
            "instructions": "",
            "required": 0,
            "conditional_logic": 0,
            "wrapper": {
                "width": "",
                "class": "",
                "id": ""
            },
            "default_value": "This Amazing Headline Will Help Your Life.",
            "maxlength": "",
            "allow_in_bindings": 0,
            "placeholder": "",
            "prepend": "",
            "append": ""
        },
        {
            "key": "field_671f9b4934b3d",
            "label": "Hero Title 2",
            "name": "hero_title_2",
            "aria-label": "",
            "type": "text",
            "instructions": "",
            "required": 0,
            "conditional_logic": 0,
            "wrapper": {
                "width": "",
                "class": "",
                "id": ""
            },
            "default_value": "Let This Title Show You How",
            "maxlength": "",
            "allow_in_bindings": 0,
            "placeholder": "",
            "prepend": "",
            "append": ""
        },
        {
            "key": "field_671f9bbb34b3e",
            "label": "Hero Text",
            "name": "hero_text",
            "aria-label": "",
            "type": "wysiwyg",
            "instructions": "",
            "required": 0,
            "conditional_logic": 0,
            "wrapper": {
                "width": "",
                "class": "",
                "id": ""
            },
            "default_value": "Bacon ipsum dolor amet cupim shoulder jerky, burgdoggen pork loin meatloaf ham hock pork beef shank drumstick sausage. Ribeye turkey short loin strip steak turducken, meatloaf filet mignon fatback porchetta pastrami burgdoggen meatball doner. Venison ham hock filet mignon short loin cupim beef. Landjaeger andouille chicken shankle salami. Frankfurter pancetta chislic, tail prosciutto tenderloin ham hock biltong. Swine pastrami ribeye, drumstick flank buffalo biltong short loin. Chicken tail short ribs, venison ham jowl filet mignon fatback corned beef ham hock",
            "allow_in_bindings": 0,
            "tabs": "all",
            "toolbar": "full",
            "media_upload": 1,
            "delay": 0
        },
        {
            "key": "field_671f9c4234b3f",
            "label": "Hero Buttons",
            "name": "hero_buttons",
            "aria-label": "",
            "type": "repeater",
            "instructions": "",
            "required": 0,
            "conditional_logic": 0,
            "wrapper": {
                "width": "",
                "class": "",
                "id": ""
            },
            "layout": "table",
            "pagination": 0,
            "min": 0,
            "max": 0,
            "collapsed": "",
            "button_label": "Add Row",
            "rows_per_page": 20,
            "sub_fields": [
                {
                    "key": "field_671f9ccc34b40",
                    "label": "Hero Button Icon",
                    "name": "hero_button_icon",
                    "aria-label": "",
                    "type": "text",
                    "instructions": "",
                    "required": 0,
                    "conditional_logic": 0,
                    "wrapper": {
                        "width": "",
                        "class": "",
                        "id": ""
                    },
                    "default_value": "fa-solid fa-caret-right",
                    "maxlength": "",
                    "allow_in_bindings": 0,
                    "placeholder": "",
                    "prepend": "",
                    "append": "",
                    "parent_repeater": "field_671f9c4234b3f"
                },
                {
                    "key": "field_671f9d3134b41",
                    "label": "Hero Button Text",
                    "name": "hero_button_text",
                    "aria-label": "",
                    "type": "text",
                    "instructions": "",
                    "required": 0,
                    "conditional_logic": 0,
                    "wrapper": {
                        "width": "",
                        "class": "",
                        "id": ""
                    },
                    "default_value": "Click Here!",
                    "maxlength": "",
                    "allow_in_bindings": 0,
                    "placeholder": "",
                    "prepend": "",
                    "append": "",
                    "parent_repeater": "field_671f9c4234b3f"
                },
                {
                    "key": "field_671fbe7827188",
                    "label": "Hero Button Link",
                    "name": "hero_button_link",
                    "aria-label": "",
                    "type": "url",
                    "instructions": "",
                    "required": 0,
                    "conditional_logic": 0,
                    "wrapper": {
                        "width": "",
                        "class": "",
                        "id": ""
                    },
                    "default_value": "https:\/\/",
                    "allow_in_bindings": 0,
                    "placeholder": "",
                    "parent_repeater": "field_671f9c4234b3f"
                }
            ]
        }
    ],
    "location": [
        [
            {
                "param": "options_page",
                "operator": "==",
                "value": "header"
            }
        ]
    ],
    "menu_order": 1,
    "position": "normal",
    "style": "default",
    "label_placement": "top",
    "instruction_placement": "label",
    "hide_on_screen": "",
    "active": true,
    "description": "",
    "show_in_rest": 0,
    "modified": 1730595580
}
