{
    "key": "ui_options_page_671405f9bbc02",
    "title": "Tailwind Source Select",
    "active": true,
    "menu_order": 0,
    "page_title": "Tailwind Source Select",
    "menu_slug": "tailwind-source-select",
    "parent_slug": "google-fonts",
    "advanced_configuration": 1,
    "icon_url": "",
    "menu_title": "Tailwind Source Select",
    "position": 3,
    "redirect": false,
    "description": "Selects between two sources for Tailwind CSS and enqueues it: Either the Tailwind CDN or the local one.",
    "menu_icon": [],
    "update_button": "Update",
    "updated_message": "Options Updated",
    "capability": "edit_posts",
    "data_storage": "options",
    "post_id": "",
    "autoload": 0,
    "_parent": 12,
    "modified": 1729523016
}
