{
    "key": "ui_options_page_670d894a60901",
    "title": "Contact Info",
    "active": true,
    "menu_order": 0,
    "page_title": "Contact Info",
    "menu_slug": "contact-info",
    "parent_slug": "address-info",
    "advanced_configuration": 1,
    "icon_url": "",
    "menu_title": "",
    "position": 2,
    "redirect": false,
    "description": "",
    "menu_icon": [],
    "update_button": "Update",
    "updated_message": "Options Updated",
    "capability": "edit_posts",
    "data_storage": "options",
    "post_id": "",
    "autoload": 0,
    "_parent": 8,
    "modified": 1729386427
}
