{
    "key": "ui_options_page_670d9f55115d7",
    "title": "Social Sites",
    "active": true,
    "menu_order": 0,
    "page_title": "Social Sites",
    "menu_slug": "social-sites",
    "parent_slug": "forge-custom-content",
    "advanced_configuration": 1,
    "icon_url": "",
    "menu_title": "",
    "position": 3,
    "redirect": false,
    "description": "",
    "menu_icon": [],
    "update_button": "Update",
    "updated_message": "Options Updated",
    "capability": "edit_posts",
    "data_storage": "options",
    "post_id": "",
    "autoload": 0,
    "_parent": 11,
    "modified": 1729386559
}
