{
    "key": "ui_options_page_670d714d30956",
    "title": "Google Fonts",
    "active": true,
    "menu_order": 0,
    "page_title": "Google Fonts",
    "menu_slug": "google-fonts",
    "parent_slug": "forge-custom-settings",
    "advanced_configuration": 1,
    "icon_url": "",
    "menu_title": "",
    "position": 1,
    "redirect": false,
    "description": "",
    "menu_icon": [],
    "update_button": "Update",
    "updated_message": "Options Updated",
    "capability": "edit_posts",
    "data_storage": "options",
    "post_id": "",
    "autoload": 0,
    "_parent": 7,
    "modified": 1729364178
}
