{
    "key": "ui_options_page_67166d51030df",
    "title": "Register Page Templates",
    "active": true,
    "menu_order": 0,
    "page_title": "Register Page Templates",
    "menu_slug": "register-page-templates",
    "parent_slug": "forge-custom-settings",
    "advanced_configuration": 1,
    "icon_url": "",
    "menu_title": "",
    "position": 4,
    "redirect": false,
    "description": "",
    "menu_icon": [],
    "update_button": "Update",
    "updated_message": "Options Updated",
    "capability": "edit_posts",
    "data_storage": "options",
    "post_id": "",
    "autoload": 0,
    "_parent": 11,
    "modified": 1729547266
}
