{
    "key": "ui_options_page_670d78129c683",
    "title": "Icon Fonts",
    "active": true,
    "menu_order": 0,
    "page_title": "Icon Fonts",
    "menu_slug": "icon-fonts",
    "parent_slug": "forge-custom-settings",
    "advanced_configuration": 1,
    "icon_url": "",
    "menu_title": "",
    "position": 2,
    "redirect": false,
    "description": "",
    "menu_icon": [],
    "update_button": "Update",
    "updated_message": "Options Updated",
    "capability": "edit_posts",
    "data_storage": "options",
    "post_id": "",
    "autoload": 0,
    "_parent": 11,
    "modified": 1729532048
}
