{
    "key": "ui_options_page_670d7277bf9b9",
    "title": "Header",
    "active": true,
    "menu_order": 0,
    "page_title": "Header",
    "menu_slug": "header",
    "parent_slug": "forge-custom-content",
    "advanced_configuration": 1,
    "icon_url": "",
    "menu_title": "Header",
    "position": 0,
    "redirect": false,
    "description": "",
    "menu_icon": [],
    "update_button": "Update",
    "updated_message": "Options Updated",
    "capability": "edit_posts",
    "data_storage": "options",
    "post_id": "",
    "autoload": 0,
    "_parent": 27,
    "modified": 1729364088
}
